49 Degrees North, Chewelah, Washington
Afton Alps, Afton, Minnesota
Alpenglow/Arctic Valley, Anchorage, Alaska
Alpine Meadows, Tahoe City, California
Alpine Mountain, Scranton, Pennsylvania
Alpine Valley, White Lake, Michigan
Alpine Valley, Chesterland, Ohio
Alpine Valley, East Troy, Wisconsin
Alta, Alta, Utah
Alta Sierra, Wofford Heights, California
Alyeska, Girdwood, Alaska
Andes Tower Hills, Kensington, Minnesota
Angel Fire, Angel Fire, New Mexico
Anthony Lakes, North Powder, Oregon
Apex, Penticton, British Columbia
Appalachian Ski Mountain, Blowing Rock, North Carolina
Arapahoe Basin, Keystone, Colorado
Arizona Snowbowl, Flagstaff, Arizona
Aspen Highlands, Aspen, Colorado
Aspen Mountain/Ajax, Aspen, Colorado
Attitash Bear Peak, Bartlett, New Hampshire
Badger Pass, Yosemite National Park, California
Bald Mountain, Pierce, Idaho
Balsams Wilderness, Dixville Notch, New Hampshire
Banff Mt. Norquay, Banff, Alberta
Banff Sunshine Village, Banff, Alberta
Bear Creek, Macungie, Pennsylvania
Bear Mountain, Big Bear Lake, California
Bear Paw, Havre, Montana
Bear Valley, Angels Camp, California
Bear's Den, Fort Ransom, North Dakota
Beaver Creek, Beaver Creek, Colorado
Beaver Mountain, Logan Canyon, Utah
Belleayre, Highmount, New York
Berkshire East, Charlemont, Massachusetts
Big Boulder, Lake Harmony, Pennsylvania
Big Powderhorn, Bessemer, Michigan
Big Rock, Mars Hill, Maine
Big Sky & Moonlight Basin, Big Sky, Montana
Big White, Kelowna, British Columbia
Bittersweet, Otsego, Michigan
Black Mountain, Jackson, New Hampshire
Blackjack, Bessemer, Michigan
Blacktail, Lakeside, Montana
Blandford, Blandford, Massachusetts
Blue Hills, Canton, Massachusetts
Blue Knob, Claysburg, Pennsylvania
Blue Mountain, Palmerton, Pennsylvania
Blue Mountain, Collingwood, Ontario
Bluewood, Dayton, Washington
Bogus Basin, Boise, Idaho
Bolton Valley, Bolton Valley, Vermont
Boreal, Soda Springs, California
Boston Mills Brandywine, Peninsula, Ohio
Bottineau Winter Park, Bottineau, North Dakota
Bousquet, Pittsfield, Massachusetts
Boyne Highlands, Harbor Springs, Michigan
Boyne Mountain, Boyne Falls, Michigan
Bradford, Haverhill, Massachusetts
Breckenridge, Breckenridge, Colorado
Bretton Woods, Bretton Woods, New Hampshire
Brian Head, Brian Head, Utah
Bridger Bowl, Bozeman, Montana
Brighton, Big Cottonwood Canyon, Utah
Bristol Mountain, South Bristol, New York
Bromley, Manchester Center, Vermont
Brundage, McCall, Idaho
Bryce Resort, Basye-Bryce Mountain, Virginia
Buck Hill, Burnsville, Minnesota
Buena Vista, Bemidji, Minnesota
Burke, East Burke, Vermont
Buttermilk, Aspen, Colorado
Butternut, Great Barrington, Massachusetts
Caberfae Peaks, Cadillac, Michigan
Calabogie, Calabogie, Ontario
Camden Snow Bowl, Camden, Maine
Camelback, Tannersville, Pennsylvania
Camp 10, Rhinelander, Wisconsin
Campgaw, Mahwah, New Jersey
Canaan Valley, Davis, West Virginia
Canada Olympic Park, Calgary, Alberta
Cannon, Franconia Notch, New Hampshire
Cascade Mountain, Portage, Wisconsin
Castle Mountain, Pincher Creek, Alberta
Cataloochee, Maggie Valley, North Carolina
Catamount, Hillsdale, New York
Chestnut Mountain, Galena, Illinois
China Peak, Lakeshore, California
Christie Mountain, Bruce, Wisconsin
Christmas Mountain, Wisconsin Dells, Wisconsin
Cloudmont, Mentone, Alabama
Coffee Mill, Wabasha, Minnesota
Cooper, Leadville, Colorado
Cooper Spur, Parkdale, Oregon
Copper Mountain, Copper Mountain, Colorado
Cranmore, North Conway, New Hampshire
Crested Butte, Mount Crested Butte, Colorado
Crotched Mountain, Bennington, New Hampshire
Crystal Mountain, Enumclaw, Washington
Crystal Mountain, Thompsonville, Michigan
Crystal Ridge, Franklin, Wisconsin
Cypress, West Vancouver, British Columbia
Dartmouth Skiway, Lyme, New Hampshire
Deer Valley, Park City, Utah
Devils Head, Baraboo, Wisconsin
Diamond Peak, Incline Village, Nevada
Discovery, Anaconda, Montana
Dodge Ridge, Sonora, California
Donner Ski Ranch, Norden, California
Dry Hill, Watertown, New York
Durango/Purgatory, Durango, Colorado
Eagle Rock, Hazleton, Pennsylvania
Eaglecrest, Juneau, Alaska
Eaton Mountain, Skowhegan, Maine
Echo Mountain, Evergreen, Colorado
Eldora, Eldora, Colorado
Elk Mountain, Union Dale, Pennsylvania
Elk Ridge, Williams, Arizona
Ferguson Ridge, Joseph, Oregon
Fernie, Fernie, British Columbia
Frost Fire, Walhalla, North Dakota
Giants Ridge, Biwabik, Minnesota
Gore Mountain, North Creek, New York
Grand Targhee, Driggs, Wyoming
Granite Gorge, Keene, New Hampshire
Granite Peak, Wausau, Wisconsin
Granlibakken, Tahoe City, California
Great Bear, Sioux Falls, South Dakota
Great Divide, Marysville, Montana
Greek Peak, Virgil, New York
Grouse Mountain, North Vancouver, British Columbia
Gunstock, Gilford, New Hampshire
Harper, Kamloops, British Columbia
Heavenly, South Lake Tahoe, California
Hemlock Valley, Chehalis/Harrison Mills, British Columbia
Hermon Mountain, Hermon, Maine
Hesperus, Hesperus, Colorado
Hidden Valley, Vernon, New Jersey
Hidden Valley, Maribel, Wisconsin
Hidden Valley, Hidden Valley, Pennsylvania
Hidden Valley, Wildwood, Missouri
Hogadon, Casper, Wyoming
Holiday Mountain, Monticello, New York
Holiday Valley, Ellicottville, New York
Holimont, Ellicottville, New York
Homewood, Homewood, California
Hoodoo, Sisters, Oregon
Hudson Bay, Smithers, British Columbia
Huff Hills, Mandan, North Dakota
Hunter, Hunter, New York
Hyland, Bloomington, Minnesota
Indianhead, Wakefield, Michigan
Jack Frost, Blakeslee, Pennsylvania
Jackson Hole, Teton Village, Wyoming
Jasper's Marmot Basin, Jasper, Alberta
Jay Peak, Jay, Vermont
Jiminy Peak, Hancock, Massachusetts
June Mountain, June Lake, California
Kelly Canyon, Ririe, Idaho
Kendall, Silverton, Colorado
Keystone, Keystone, Colorado
Kicking Horse, Golden, British Columbia
Killington, Killington, Vermont
Kimberley, Kimberley, British Columbia
King Pine, East Madison, New Hampshire
Kirkwood, Kirkwood, California
Kissing Bridge, Colden, New York
Labrador, Truxton, New York
Lake Louise, Lake Louise, Alberta
Lake Placid/Whiteface, Wilmington, New York
Las Vegas Ski & Snowboard, Indian Springs, Nevada
Le Massif, Charlevoix, Quebec
Le Relais, Lac-Beauport, Quebec
Liberty Mountain, Carroll Valley, Pennsylvania
Little Ski Hill, McCall, Idaho
Lookout Pass, Mullan, Idaho
Loon, Lincoln, New Hampshire
Lost Trail, Conner, Montana
Loup Loup, Okanogan, Washington
Loveland, Georgetown, Colorado
Lutsen, Lutsen, Minnesota
Mad River Glen, Fayston, Vermont
Mad River Mountain, Bellefontaine, Ohio
Magic Mountain, Londonderry, Vermont
Mammoth, Mammoth Lakes, California
Manning Park, Hope-Princeton, British Columbia
Maple Ski Ridge, Rotterdam, New York
Marquette, Marquette, Michigan
Massanutten, Massanutten, Virginia
Massif du Sud, Saint-Damien-de-Buckland, Quebec
McCauley, Old Forge, New York
McIntyre, Manchester, New Hampshire
Middlebury Snow Bowl, Middlebury, Vermont
Mission Ridge, Wenatchee, Washington
Mohawk Mountain, Cornwall, Connecticut
Monarch, Salida, Colorado
Mont Blanc, Saint-Faustin-Lac-Carr, Quebec
Mont Du Lac, Superior, Wisconsin
Mont Orford, Orford , Quebec
Mont Saint Sauveur, Saint-Sauveur, Quebec
Mont Ste. Marie, Lac-Sainte-Marie, Quebec
Mont Sutton, Sutton, Quebec
Mont Tremblant, Mont-Tremblant, Quebec
Mont-Sainte-Anne, Beaupr, Quebec
Montana Snowbowl, Missoula, Montana
Moose Mountain, Fairbanks, Alaska
Mount Abram, Greenwood, Maine
Mount Bachelor, Bend, Oregon
Mount Baker, Bellingham, Washington
Mount Baldy, Mount Baldy, California
Mount Bohemia, Lac La Belle, Michigan
Mount Hood Meadows, Government Camp, Oregon
Mount Hood Skibowl, Government Camp, Oregon
Mount Jefferson, Lee, Maine
Mount Kato, Mankato, Minnesota
Mount Lemmon, Summerhaven, Arizona
Mount Pleasant, Edinboro, Pennsylvania
Mount Shasta, Mount Shasta, California
Mount Snow, West Dover, Vermont
Mount Southington, Plantsville, Connecticut
Mount Spokane, Mead, Washington
Mount St. Louis Moonstone, Coldwater, Ontario
Mount Sunapee, Sunapee, New Hampshire
Mount Waterman, Three Points, California
Mountain Creek, Vernon, New Jersey
Mountain High, Wrightwood, California
Mt. Ashland, Ashland, Oregon
Mt. Ashwabay, Bayfield, Wisconsin
Mt. Aurora Skiland, Fairbanks, Alaska
Mt. Baldy, Osoyoos, British Columbia
Mt. Brighton, Brighton, Michigan
Mt. Cain, Woss, British Columbia
Mt. Crescent, Crescent, Iowa
Mt. Holiday, Traverse City, Michigan
Mt. Holly, Holly, Michigan
Mt. La Crosse, La Crosse, Wisconsin
Mt. Peter, Warwick, New York
Mt. Rose, Reno, Nevada
Mt. Seymour, North Vancouver, British Columbia
Mt. Timothy, South Cariboo, British Columbia
Mt. Washington, Mount Washington, British Columbia
Murray Ridge, Fort St. James, British Columbia
Mystic Miner, Lead, South Dakota
Nakiska, Kananaskis, Alberta
Nashoba Valley, Westford, Massachusetts
Nordic Mountain, Mount Morris, Wisconsin
Northstar-at-Tahoe, Truckee, California
Norway Mountain, Norway, Michigan
Nub's Nob, Harbor Springs, Michigan
Oak Mountain, Speculator, New York
Ober Gatlinburg, Gatlinburg, Tennessee
Okemo, Ludlow, Vermont
Otsego Club, Gaylord, Michigan
Owl's Head, Mansonville, Quebec
Pajarito, Los Alamos, New Mexico
Panorama, Panorama, British Columbia
Paoli Peaks, Paoli, Indiana
Park City, Park City, Utah
Pats Peak, Henniker, New Hampshire
Pebble Creek, Inkom, Idaho
Peek'n Peak, Clymer, New York
Perfect North Slopes, Lawrenceburg, Indiana
Phoenix Mountain, Grand Forks, British Columbia
Pico, Killington, Vermont
Pine Creek, Cokeville, Wyoming
Pine Knob, Clarkston, Michigan
Plattekill, Roxbury, New York
Pomerelle, Albion, Idaho
Porcupine Mountain, Silver City, Michigan
Powder King, Mackezie , British Columbia
Powder Mountain, Liberty, Utah
Powder Ridge, Kimball, Minnesota
Powderhorn, Mesa, Colorado
Purden, Prince George, British Columbia
Ragged Mountain, Danbury, New Hampshire
Red Lodge, Red Lodge, Montana
Red Mountain, Rossland, British Columbia
Red River, Red River, New Mexico
Revelstoke, Revelstoke, British Columbia
Royal Mountain, Caroga Lake, New York
Saddleback Maine, Rangeley, Maine
Salmo, Salmo, British Columbia
Sandia Peak, Albuquerque, New Mexico
Schweitzer, Sandpoint, Idaho
Searchmont, Searchmont, Ontario
Seven Oaks, Boone, Iowa
Seven Springs, Seven Springs, Pennsylvania
Shames Mountain, Terrace, British Columbia
Shanty Creek, Bellaire, Michigan
Shawnee Mountain, Shawnee on Delaware, Pennsylvania
Shawnee Peak, Bridgton, Maine
Showdown, Niehart, Montana
Sierra-at-Tahoe, Twin Bridges, California
Silver Mountain, Kellogg, Idaho
Silver Star, Silver Star Mountain, British Columbia
Silverton, Silverton, Colorado
Sipapu, Vadito, New Mexico
Ski Apache, Ruidoso, New Mexico
Ski Beech, Beech Mountain, North Carolina
Ski Big Bear, Lackawaxen, Pennsylvania
Ski Bromont, Bromont, Quebec
Ski Cloudcroft, Cloudcroft, New Mexico
Ski Denton, Coudersport, Pennsylvania
Ski Gull, Nisswa, Minnesota
Ski Roundtop, Lewisberry, Pennsylvania
Ski Santa Fe, Santa Fe, New Mexico
Ski Sawmill, Morris, Pennsylvania
Ski Snowstar, Andalusia, Illinois
Ski Sundown, New Hartford, Connecticut
Ski Ward, Shrewsbury, Massachusetts
Sky Tavern, Reno, Nevada
Sleeping Giant, Cody, Wyoming
Smugglers Notch, Jeffersonville, Vermont
Sno, Scranton, Pennsylvania
Snow Creek, Weston, Missouri
Snow King, Jackson, Wyoming
Snow Ridge, Turin, New York
Snow Summit, Big Bear Lake, California
Snow Trails, Mansfield, Ohio
Snow Valley, Running Springs, California
Snowbasin, Huntsville, Utah
Snowbird, Snowbird, Utah
Snowmass, Aspen, Colorado
Snowshoe Mountain, Snowshoe, West Virginia
Snowy Range, Centennial, Wyoming
Soda Springs, Soda Springs, California
Soldier Mountain, Fairfield, Idaho
Solitude, Big Cottonwood Canyon, Utah
SolVista Basin, Granby, Colorado
Song Mountain, Tully, New York
Spirit Mountain, Duluth, Minnesota
Spout Springs, Tollgate, Oregon
Spring Mountain, Spring Mountain, Pennsylvania
Squaw Valley, Olympic Valley, California
Steamboat, Steamboat Springs, Colorado
Stevens Pass, Leavenworth, Washington
Stoneham Mountain, Stoneham-et-Tewkesbury, Quebec
Stowe, Stowe, Vermont
Stratton, Stratton Mountain, Vermont
Sugar Bowl, Norden, California
Sugar Mountain, Sugar Mountain, North Carolina
Sugarbush, Warren, Vermont
Sugarloaf, Carrabassett Valley, Maine
Suicide Six, Woodstock, Vermont
Summit at Snoqualmie / Alpental, Snoqualmie Pass, Washington
Summit Ski Area, Government Camp, Oregon
Sun Peaks, Kamloops, British Columbia
Sun Valley, Ketchum, Idaho
Sunburst, Kewaskum, Wisconsin
Sundance, Sundance, Utah
Sunday River, Newry, Maine
Sundown Mountain, Dubuque, Iowa
Sunlight, Glenwood Springs, Colorado
Sunrise Park, Greer, Arizona
Swain, Swain, New York
Tahoe Donner, Truckee, California
Tamarack, Donnelly, Idaho
Taos, Taos, New Mexico
Telluride, Telluride, Colorado
Tenney Mountain, Plymouth, New Hampshire
Terry Peak, Lead, South Dakota
Teton Pass, Choteau, Montana
The Canyons, Park City, Utah
The Homestead, Glen Arbor, Michigan
The Homestead, Hot Springs, Virginia
Thunder Ridge, Patterson, New York
Timber Ridge, Gobles, Michigan
Timberline, Davis, West Virginia
Timberline, Gov. Camp, Oregon
Titcomb, Jay, Maine
Titus, Malone, New York
Toggenburg, Fabius, New York
Treetops Resort, Gaylord, Michigan
Troll, Quesnel, British Columbia
Trollhaugen, Dresser, Wisconsin
Turner Mountain, Libby, Montana
Tussey, State College, Pennsylvania
Tuxedo, Tuxedo, New York
Tyrol Basin, Mount Horeb, Wisconsin
Vail, Vail, Colorado
Val D'Irene, Ste Ir?ne-de-Matap?dia, Quebec
Wachusett, Princeton, Massachusetts
Warner Canyon, Lakeview, Oregon
Waterville Valley, Waterville Valley, New Hampshire
Welch Village, Welch, Minnesota
West Mountain, Glens Falls, New York
Whaleback, Enfield, New Hampshire
Whistler-Blackcomb, Whistler, British Columbia
White Pass, White Pass, Washington
White Pine, Pinedale, Wyoming
Whitecap, Montreal, Wisconsin
Whitefish, Whitefish, Montana
Whitetail, Mercersburg, Pennsylvania
Whitewater, Nelson, British Columbia
Wild Mountain, Taylors Falls, Minnesota
Wildcat, Pinkham Notch, New Hampshire
Willamette Pass, Odell Lake, Oregon
Willard, Greenwich, New York
Wilmot, Wilmot, Wisconsin
Windham, Windham, New York
Winter Park, Winter Park, Colorado
Wintergreen, Wintergreen, Virginia
Winterplace, Ghent, West Virginia
Wisp, McHenry, Maryland
Wolf Creek, Pagosa Springs, Colorado
Wolf Creek Utah / Wolf Mountain, Eden, Utah
Wolf Ridge, Mars Hill, North Carolina
Woodbury, Woodbury, Connecticut
Woods Valley, Westernville, New York
Yawgoo Valley, Exeter, Rhode Island
Yellowstone Club, Big Sky, Montana
